[
	{
		"inputs":[],
		"stateMutability":"nonpayable",
		"type":"constructor"
	},
	{
		"anonymous":false,
		"inputs":[
			{
				"indexed":true,
				"internalType":"address",
				"name":"tokenOwner",
				"type":"address"
			},
			{
				"indexed":true,
				"internalType":"address",
				"name":"spender",
				"type":"address"
			},
			{
				"indexed":false,
				"internalType":"uint256",
				"name":"tokens",
				"type":"uint256"
			}
		],
		"name":"Approval",
		"type":"event"
	},
	{
		"anonymous":false,
		"inputs":[
			{
				"indexed":true,
				"internalType":"address",
				"name":"from",
				"type":"address"
			},
			{
			"indexed":true,
			"internalType":"address",
			"name":"to",
			"type":"address"
			}
		],
		"name":"OwnershipTransferred",
		"type":"event"
	},
	{
		"anonymous":false,
		"inputs":[
			{
				"indexed":true,
				"internalType":"address",
				"name":"from",
				"type":"address"
			},
			{
				"indexed":true,
				"internalType":"address",
				"name":"to",
				"type":"address"
			},
			{
			"indexed":false,
			"internalType":"uint256",
			"name":"tokens",
			"type":"uint256"
			}
		],
		"name":"Transfer",
		"type":"event"
	},
	{
		"inputs":[],
		"name":"acceptOwnership",
		"outputs":[],
		"stateMutability":"nonpayable",
		"type":"function"
	},
	{
		"inputs":[
			{
				"internalType":"address",
				"name":"tokenOwner",
				"type":"address"
			},
			{
				"internalType":"address",
				"name":"spender",
				"type":"address"
			}
		],
		"name":"allowance",
		"outputs":[
			{
				"internalType":"uint256",
				"name":"remaining",
				"type":"uint256"
			}
		],
		"stateMutability":"view",
		"type":"function"
	},
	{
		"inputs":[
			{
				"internalType":"address",
				"name":"spender",
				"type":"address"
			},
			{
				"internalType":"uint256",
				"name":"tokens",
				"type":"uint256"
			}
		],
		"name":"approve",
		"outputs":[
			{
				"internalType":"bool",
				"name":"success",
				"type":"bool"
			}
		],
		"stateMutability":"nonpayable",
		"type":"function"
	},
	{
		"inputs":[
			{
				"internalType":"address",
				"name":"spender",
				"type":"address"
			},
			{
				"internalType":"uint256",
				"name":"tokens",
				"type":"uint256"
			},
			{
				"internalType":"bytes",
				"name":"data",
				"type":"bytes"
			}
		],
		"name":"approveAndCall",
		"outputs":[
			{
				"internalType":"bool",
				"name":"success",
				"type":"bool"
			}
		],
		"stateMutability":"nonpayable",
		"type":"function"
	},
	{
		"inputs":[
			{
				"internalType":"address",
				"name":"tokenOwner",
				"type":"address"
			}
		],
		"name":"balanceOf",
		"outputs":[
			{
				"internalType":"uint256",
				"name":"balance",
				"type":"uint256"
			}
		],
		"stateMutability":"view",
		"type":"function"
	},
	{
		"inputs":[
			{
				"internalType":"uint256",
				"name":"tokens",
				"type":"uint256"
			}
		],
		"name":"burn",
		"outputs":[
			{
				"internalType":"bool",
				"name":"success",
				"type":"bool"
			}
		],
		"stateMutability":"nonpayable",
		"type":"function"
	},
	{
		"inputs":[],
		"name":"decimals",
		"outputs":[
			{
				"internalType":"uint8",
				"name":"",
				"type":"uint8"
			}
		],
		"stateMutability":"view",
		"type":"function"
	},
	{
		"inputs":[
			{
				"internalType":"address",
				"name":"spender",
				"type":"address"
			},
			{
				"internalType":"uint256",
				"name":"subtractedTokens",
				"type":"uint256"
			}
		],
		"name":"decreaseAllowance",
		"outputs":[
			{
				"internalType":"bool",
				"name":"success",
				"type":"bool"
			}
		],
		"stateMutability":"nonpayable",
		"type":"function"
	},
	{
		"inputs":[
			{
				"internalType":"address",
				"name":"spender",
				"type":"address"
			},
			{
				"internalType":"uint256",
				"name":"addedTokens",
				"type":"uint256"
			}
		],
		"name":"increaseAllowance",
		"outputs":[
			{
				"internalType":"bool",
				"name":"success",
				"type":"bool"
			}
		],
		"stateMutability":"nonpayable",
		"type":"function"
	},
	{
		"inputs":[
			{
				"internalType":"address[]",
				"name":"to",
				"type":"address[]"
			},
			{
				"internalType":"uint256[]",
				"name":"values",
				"type":"uint256[]"
			}
		],
		"name":"multiTransfer",
		"outputs":[
			{
				"internalType":"uint256",
				"name":"",
				"type":"uint256"
			}
		],
		"stateMutability":"nonpayable",
		"type":"function"
	},
	{
		"inputs":[],
		"name":"name",
		"outputs":[
			{
				"internalType":"string",
				"name":"",
				"type":"string"
			}
		],
		"stateMutability":"view",
		"type":"function"
	},
	{
		"inputs":[],
		"name":"newOwner",
		"outputs":[
			{
				"internalType":"address",
				"name":"",
				"type":"address"
			}
		],
		"stateMutability":"view",
		"type":"function"
	},
	{
		"inputs":[],
		"name":"owner",
		"outputs":[
			{
				"internalType":"address",
				"name":"",
				"type":"address"
			}
		],
		"stateMutability":"view",
		"type":"function"
	},
	{
		"inputs":[],
		"name":"running",
		"outputs":[
			{
				"internalType":"bool",
				"name":"",
				"type":"bool"
			}
		],
		"stateMutability":"view",
		"type":"function"
	},
	{
		"inputs":[],
		"name":"startStop",
		"outputs":[
			{
				"internalType":"bool",
				"name":"success",
				"type":"bool"
			}
		],
		"stateMutability":"nonpayable",
		"type":"function"
	},
	{
		"inputs":[],
		"name":"symbol",
		"outputs":[
			{
				"internalType":"string",
				"name":"",
				"type":"string"
			}
		],
		"stateMutability":"view",
		"type":"function"
	},
	{
		"inputs":[],
		"name":"totalSupply",
		"outputs":[
			{
				"internalType":"uint256",
				"name":"",
				"type":"uint256"
			}
		],
		"stateMutability":"view",
		"type":"function"
	},
	{
		"inputs":[
			{
				"internalType":"address",
				"name":"to",
				"type":"address"
			},
			{
				"internalType":"uint256",
				"name":"tokens",
				"type":"uint256"
			}
		],
		"name":"transfer",
		"outputs":[
			{
				"internalType":"bool",
				"name":"success",
				"type":"bool"
			}
		],
		"stateMutability":"nonpayable",
		"type":"function"
	},
	{
		"inputs":[
			{
				"internalType":"address",
				"name":"tokenAddress",
				"type":"address"
			},
			{
				"internalType":"uint256",
				"name":"tokens",
				"type":"uint256"
			}
		],
		"name":"transferAny20Token",
		"outputs":[],
		"stateMutability":"nonpayable",
		"type":"function"
	},
	{
		"inputs":[
			{
				"internalType":"address",
				"name":"from",
				"type":"address"
			},
			{
				"internalType":"address",
				"name":"to",
				"type":"address"
			},
			{
				"internalType":"uint256",
				"name":"tokens",
				"type":"uint256"
			}
		],
		"name":"transferFrom",
		"outputs":[
			{
				"internalType":"bool",
				"name":"success",
				"type":"bool"
			}
		],
		"stateMutability":"nonpayable",
		"type":"function"
	},
	{
		"inputs":[
			{
				"internalType":"address",
				"name":"transferOwner",
				"type":"address"
			}
		],
		"name":"transferOwnership",
		"outputs":[],
		"stateMutability":"nonpayable",
		"type":"function"
	}
]